<?xml version="1.0" encoding="UTF-8"?>
<GenRun Id="impl_2" LaunchPart="xc7z010clg400-1" LaunchTime="1544131293">
  <File Type="BITSTR-BMM" Name="vga_ctrl_bd.bmm"/>
  <File Type="OPT-METHODOLOGY-DRC" Name="vga_ctrl_methodology_drc_opted.rpt"/>
  <File Type="INIT-TIMING" Name="vga_ctrl_timing_summary_init.rpt"/>
  <File Type="ROUTE-PWR" Name="vga_ctrl_power_routed.rpt"/>
  <File Type="PA-TCL" Name="vga_ctrl.tcl"/>
  <File Type="OPT-TIMING" Name="vga_ctrl_timing_summary_opted.rpt"/>
  <File Type="OPT-DCP" Name="vga_ctrl_opt.dcp"/>
  <File Type="ROUTE-PWR-SUM" Name="vga_ctrl_power_summary_routed.pb"/>
  <File Type="REPORTS-TCL" Name="vga_ctrl_reports.tcl"/>
  <File Type="OPT-DRC" Name="vga_ctrl_drc_opted.rpt"/>
  <File Type="OPT-HWDEF" Name="vga_ctrl.hwdef"/>
  <File Type="PWROPT-DCP" Name="vga_ctrl_pwropt.dcp"/>
  <File Type="PWROPT-DRC" Name="vga_ctrl_drc_pwropted.rpt"/>
  <File Type="PWROPT-TIMING" Name="vga_ctrl_timing_summary_pwropted.rpt"/>
  <File Type="PLACE-DCP" Name="vga_ctrl_placed.dcp"/>
  <File Type="PLACE-IO" Name="vga_ctrl_io_placed.rpt"/>
  <File Type="PLACE-CLK" Name="vga_ctrl_clock_utilization_placed.rpt"/>
  <File Type="PLACE-UTIL" Name="vga_ctrl_utilization_placed.rpt"/>
  <File Type="PLACE-UTIL-PB" Name="vga_ctrl_utilization_placed.pb"/>
  <File Type="PLACE-CTRL" Name="vga_ctrl_control_sets_placed.rpt"/>
  <File Type="PLACE-SIMILARITY" Name="vga_ctrl_incremental_reuse_placed.rpt"/>
  <File Type="PLACE-PRE-SIMILARITY" Name="vga_ctrl_incremental_reuse_pre_placed.rpt"/>
  <File Type="BG-BGN" Name="vga_ctrl.bgn"/>
  <File Type="PLACE-TIMING" Name="vga_ctrl_timing_summary_placed.rpt"/>
  <File Type="POSTPLACE-PWROPT-DCP" Name="vga_ctrl_postplace_pwropt.dcp"/>
  <File Type="BG-BIN" Name="vga_ctrl.bin"/>
  <File Type="POSTPLACE-PWROPT-TIMING" Name="vga_ctrl_timing_summary_postplace_pwropted.rpt"/>
  <File Type="PHYSOPT-DCP" Name="vga_ctrl_physopt.dcp"/>
  <File Type="PHYSOPT-DRC" Name="vga_ctrl_drc_physopted.rpt"/>
  <File Type="BITSTR-MSK" Name="vga_ctrl.msk"/>
  <File Type="PHYSOPT-TIMING" Name="vga_ctrl_timing_summary_physopted.rpt"/>
  <File Type="ROUTE-ERROR-DCP" Name="vga_ctrl_routed_error.dcp"/>
  <File Type="ROUTE-DCP" Name="vga_ctrl_routed.dcp"/>
  <File Type="ROUTE-BLACKBOX-DCP" Name="vga_ctrl_routed_bb.dcp"/>
  <File Type="ROUTE-DRC" Name="vga_ctrl_drc_routed.rpt"/>
  <File Type="ROUTE-DRC-PB" Name="vga_ctrl_drc_routed.pb"/>
  <File Type="BITSTR-LTX" Name="debug_nets.ltx"/>
  <File Type="BITSTR-LTX" Name="vga_ctrl.ltx"/>
  <File Type="ROUTE-DRC-RPX" Name="vga_ctrl_drc_routed.rpx"/>
  <File Type="BITSTR-MMI" Name="vga_ctrl.mmi"/>
  <File Type="ROUTE-METHODOLOGY-DRC" Name="vga_ctrl_methodology_drc_routed.rpt"/>
  <File Type="ROUTE-METHODOLOGY-DRC-RPX" Name="vga_ctrl_methodology_drc_routed.rpx"/>
  <File Type="BITSTR-SYSDEF" Name="vga_ctrl.sysdef"/>
  <File Type="ROUTE-METHODOLOGY-DRC-PB" Name="vga_ctrl_methodology_drc_routed.pb"/>
  <File Type="ROUTE-PWR-RPX" Name="vga_ctrl_power_routed.rpx"/>
  <File Type="ROUTE-STATUS" Name="vga_ctrl_route_status.rpt"/>
  <File Type="ROUTE-STATUS-PB" Name="vga_ctrl_route_status.pb"/>
  <File Type="ROUTE-TIMINGSUMMARY" Name="vga_ctrl_timing_summary_routed.rpt"/>
  <File Type="ROUTE-TIMING-PB" Name="vga_ctrl_timing_summary_routed.pb"/>
  <File Type="ROUTE-TIMING-RPX" Name="vga_ctrl_timing_summary_routed.rpx"/>
  <File Type="ROUTE-SIMILARITY" Name="vga_ctrl_incremental_reuse_routed.rpt"/>
  <File Type="ROUTE-CLK" Name="vga_ctrl_clock_utilization_routed.rpt"/>
  <File Type="ROUTE-BUS-SKEW" Name="vga_ctrl_bus_skew_routed.rpt"/>
  <File Type="ROUTE-BUS-SKEW-PB" Name="vga_ctrl_bus_skew_routed.pb"/>
  <File Type="ROUTE-BUS-SKEW-RPX" Name="vga_ctrl_bus_skew_routed.rpx"/>
  <File Type="POSTROUTE-PHYSOPT-DCP" Name="vga_ctrl_postroute_physopt.dcp"/>
  <File Type="POSTROUTE-PHYSOPT-BLACKBOX-DCP" Name="vga_ctrl_postroute_physopt_bb.dcp"/>
  <File Type="POSTROUTE-PHYSOPT-TIMING" Name="vga_ctrl_timing_summary_postroute_physopted.rpt"/>
  <File Type="POSTROUTE-PHYSOPT-TIMING-PB" Name="vga_ctrl_timing_summary_postroute_physopted.pb"/>
  <File Type="POSTROUTE-PHYSOPT-TIMING-RPX" Name="vga_ctrl_timing_summary_postroute_physopted.rpx"/>
  <File Type="POSTROUTE-PHYSOPT-BUS-SKEW" Name="vga_ctrl_bus_skew_postroute_physopted.rpt"/>
  <File Type="POSTROUTE-PHYSOPT-BUS-SKEW-PB" Name="vga_ctrl_bus_skew_postroute_physopted.pb"/>
  <File Type="BG-BIT" Name="vga_ctrl.bit"/>
  <File Type="POSTROUTE-PHYSOPT-BUS-SKEW-RPX" Name="vga_ctrl_bus_skew_postroute_physopted.rpx"/>
  <File Type="BITSTR-RBT" Name="vga_ctrl.rbt"/>
  <File Type="BITSTR-NKY" Name="vga_ctrl.nky"/>
  <File Type="BG-DRC" Name="vga_ctrl.drc"/>
  <File Type="RDI-RDI" Name="vga_ctrl.vdi"/>
  <File Type="WBT-USG" Name="usage_statistics_webtalk.html"/>
  <FileSet Name="sources" Type="DesignSrcs" RelSrcDir="$PSRCDIR/sources_1">
    <Filter Type="Srcs"/>
    <File Path="$PSRCDIR/sources_1/bd/video_mem/video_mem.bd">
      <FileInfo>
        <Attr Name="UsedIn" Val="synthesis"/>
        <Attr Name="UsedIn" Val="implementation"/>
        <Attr Name="UsedIn" Val="simulation"/>
      </FileInfo>
    </File>
    <File Path="$PSRCDIR/sources_1/bd/gen_clk/gen_clk.bd">
      <FileInfo>
        <Attr Name="UsedIn" Val="synthesis"/>
        <Attr Name="UsedIn" Val="implementation"/>
        <Attr Name="UsedIn" Val="simulation"/>
      </FileInfo>
    </File>
    <File Path="$PSRCDIR/sources_1/bd/gen_clk/hdl/gen_clk_wrapper.vhd">
      <FileInfo>
        <Attr Name="UsedIn" Val="synthesis"/>
        <Attr Name="UsedIn" Val="simulation"/>
      </FileInfo>
    </File>
    <File Path="$PSRCDIR/sources_1/imports/02VGAVideoMem/gen_pixels.vhd">
      <FileInfo>
        <Attr Name="ImportPath" Val="$PPRDIR/../../02VGAVideoMem/gen_pixels.vhd"/>
        <Attr Name="ImportTime" Val="1543342666"/>
        <Attr Name="UsedIn" Val="synthesis"/>
        <Attr Name="UsedIn" Val="simulation"/>
      </FileInfo>
    </File>
    <File Path="$PSRCDIR/sources_1/imports/02VGAVideoMem/vga_sync.vhd">
      <FileInfo>
        <Attr Name="ImportPath" Val="$PPRDIR/../../02VGAVideoMem/vga_sync.vhd"/>
        <Attr Name="ImportTime" Val="1465497512"/>
        <Attr Name="UsedIn" Val="synthesis"/>
        <Attr Name="UsedIn" Val="simulation"/>
      </FileInfo>
    </File>
    <File Path="$PSRCDIR/sources_1/bd/video_mem/hdl/video_mem_wrapper.vhd">
      <FileInfo>
        <Attr Name="UsedIn" Val="synthesis"/>
        <Attr Name="UsedIn" Val="simulation"/>
      </FileInfo>
    </File>
    <File Path="$PSRCDIR/sources_1/imports/02VGAVideoMem/vga_ctrl.vhd">
      <FileInfo>
        <Attr Name="ImportPath" Val="$PPRDIR/../../02VGAVideoMem/vga_ctrl.vhd"/>
        <Attr Name="ImportTime" Val="1543537448"/>
        <Attr Name="UsedIn" Val="synthesis"/>
        <Attr Name="UsedIn" Val="simulation"/>
      </FileInfo>
    </File>
    <Config>
      <Option Name="DesignMode" Val="RTL"/>
      <Option Name="TopModule" Val="vga_ctrl"/>
      <Option Name="TopAutoSet" Val="TRUE"/>
    </Config>
  </FileSet>
  <FileSet Name="constrs_in" Type="Constrs" RelSrcDir="$PSRCDIR/constrs_1">
    <Filter Type="Constrs"/>
    <File Path="$PSRCDIR/constrs_1/imports/04PinesVGAVideoMem/Arty-Z7-20-Master.xdc">
      <FileInfo>
        <Attr Name="ImportPath" Val="$PPRDIR/../../arcvga/04PinesVGAVideoMem/Arty-Z7-20-Master.xdc"/>
        <Attr Name="ImportTime" Val="1543192472"/>
        <Attr Name="UsedIn" Val="synthesis"/>
        <Attr Name="UsedIn" Val="implementation"/>
      </FileInfo>
    </File>
    <Config>
      <Option Name="ConstrsType" Val="XDC"/>
    </Config>
  </FileSet>
  <Strategy Version="1" Minor="2">
    <StratHandle Name="Vivado Implementation Defaults" Flow="Vivado Implementation 2018">
      <Desc>Default settings for Implementation.</Desc>
    </StratHandle>
    <Step Id="init_design"/>
    <Step Id="opt_design"/>
    <Step Id="power_opt_design"/>
    <Step Id="place_design"/>
    <Step Id="post_place_power_opt_design"/>
    <Step Id="phys_opt_design"/>
    <Step Id="route_design"/>
    <Step Id="post_route_phys_opt_design"/>
    <Step Id="write_bitstream"/>
  </Strategy>
  <BlockFileSet Type="BlockSrcs" Name="gen_clk_clk_wiz_0_0"/>
  <BlockFileSet Type="BlockSrcs" Name="video_mem_blk_mem_gen_0_0"/>
</GenRun>
