<?xml version="1.0" encoding="UTF-8"?>
<GenRun Id="synth_1" LaunchPart="xc7z010clg400-1" LaunchTime="1542921219">
  <File Type="PA-TCL" Name="uart_top.tcl"/>
  <File Type="RDS-PROPCONSTRS" Name="uart_top_drc_synth.rpt"/>
  <File Type="REPORTS-TCL" Name="uart_top_reports.tcl"/>
  <File Type="RDS-RDS" Name="uart_top.vds"/>
  <File Type="RDS-UTIL" Name="uart_top_utilization_synth.rpt"/>
  <File Type="RDS-UTIL-PB" Name="uart_top_utilization_synth.pb"/>
  <File Type="RDS-DCP" Name="uart_top.dcp"/>
  <File Type="VDS-TIMINGSUMMARY" Name="uart_top_timing_summary_synth.rpt"/>
  <File Type="VDS-TIMING-PB" Name="uart_top_timing_summary_synth.pb"/>
  <FileSet Name="sources" Type="DesignSrcs" RelSrcDir="$PSRCDIR/sources_1">
    <Filter Type="Srcs"/>
    <File Path="$PSRCDIR/sources_1/imports/UART_Fuentes/led_ctl.vhd">
      <FileInfo>
        <Attr Name="ImportPath" Val="$PPRDIR/../UART_Fuentes/led_ctl.vhd"/>
        <Attr Name="ImportTime" Val="1542314375"/>
        <Attr Name="UsedIn" Val="synthesis"/>
        <Attr Name="UsedIn" Val="simulation"/>
      </FileInfo>
    </File>
    <File Path="$PSRCDIR/sources_1/imports/UART_Fuentes/meta_harden.vhd">
      <FileInfo>
        <Attr Name="ImportPath" Val="$PPRDIR/../UART_Fuentes/meta_harden.vhd"/>
        <Attr Name="ImportTime" Val="1542314390"/>
        <Attr Name="UsedIn" Val="synthesis"/>
        <Attr Name="UsedIn" Val="simulation"/>
      </FileInfo>
    </File>
    <File Path="$PSRCDIR/sources_1/imports/UART_Fuentes/uart_baud_gen.vhd">
      <FileInfo>
        <Attr Name="ImportPath" Val="$PPRDIR/../UART_Fuentes/uart_baud_gen.vhd"/>
        <Attr Name="ImportTime" Val="1542314405"/>
        <Attr Name="UsedIn" Val="synthesis"/>
        <Attr Name="UsedIn" Val="simulation"/>
      </FileInfo>
    </File>
    <File Path="$PSRCDIR/sources_1/imports/UART_Fuentes/uart_led.vhd">
      <FileInfo>
        <Attr Name="ImportPath" Val="$PPRDIR/../UART_Fuentes/uart_led.vhd"/>
        <Attr Name="ImportTime" Val="1542314356"/>
        <Attr Name="UsedIn" Val="synthesis"/>
        <Attr Name="UsedIn" Val="simulation"/>
      </FileInfo>
    </File>
    <File Path="$PSRCDIR/sources_1/imports/UART_Fuentes/uart_rx.vhd">
      <FileInfo>
        <Attr Name="ImportPath" Val="$PPRDIR/../UART_Fuentes/uart_rx.vhd"/>
        <Attr Name="ImportTime" Val="1542314437"/>
        <Attr Name="UsedIn" Val="synthesis"/>
        <Attr Name="UsedIn" Val="simulation"/>
      </FileInfo>
    </File>
    <File Path="$PSRCDIR/sources_1/imports/UART_Fuentes/uart_rx_ctl.vhd">
      <FileInfo>
        <Attr Name="ImportPath" Val="$PPRDIR/../UART_Fuentes/uart_rx_ctl.vhd"/>
        <Attr Name="ImportTime" Val="1542314447"/>
        <Attr Name="UsedIn" Val="synthesis"/>
        <Attr Name="UsedIn" Val="simulation"/>
      </FileInfo>
    </File>
    <File Path="$PSRCDIR/sources_1/imports/UART_Fuentes/uart_top.vhd">
      <FileInfo>
        <Attr Name="ImportPath" Val="$PPRDIR/../UART_Fuentes/uart_top.vhd"/>
        <Attr Name="ImportTime" Val="1540856962"/>
        <Attr Name="UsedIn" Val="synthesis"/>
        <Attr Name="UsedIn" Val="simulation"/>
      </FileInfo>
    </File>
    <File Path="$PSRCDIR/sources_1/imports/UART/uart_rx.vhd">
      <FileInfo>
        <Attr Name="AutoDisabled" Val="1"/>
        <Attr Name="ImportPath" Val="$PPRDIR/../../practicas/UART/uart_rx.vhd"/>
        <Attr Name="ImportTime" Val="1540510950"/>
        <Attr Name="UsedIn" Val="synthesis"/>
        <Attr Name="UsedIn" Val="simulation"/>
      </FileInfo>
    </File>
    <Config>
      <Option Name="DesignMode" Val="RTL"/>
      <Option Name="TopModule" Val="uart_top"/>
      <Option Name="TopAutoSet" Val="TRUE"/>
    </Config>
  </FileSet>
  <FileSet Name="constrs_in" Type="Constrs" RelSrcDir="$PSRCDIR/constrs_1">
    <Filter Type="Constrs"/>
    <File Path="$PSRCDIR/constrs_1/imports/p1/lab1_ArtyZ7_10.xdc">
      <FileInfo>
        <Attr Name="ImportPath" Val="$PPRDIR/../../practicas/p1/lab1_ArtyZ7_10.xdc"/>
        <Attr Name="ImportTime" Val="1522889096"/>
        <Attr Name="UsedIn" Val="synthesis"/>
        <Attr Name="UsedIn" Val="implementation"/>
      </FileInfo>
    </File>
    <Config>
      <Option Name="ConstrsType" Val="XDC"/>
    </Config>
  </FileSet>
  <Strategy Version="1" Minor="2">
    <StratHandle Name="Vivado Synthesis Defaults" Flow="Vivado Synthesis 2018"/>
    <Step Id="synth_design"/>
  </Strategy>
</GenRun>
