<?xml version="1.0"?>
<Runs Version="1" Minor="0">
	<Run Id="gen_clk_clk_wiz_0_0_synth_1" LaunchDir="C:/Users/barbe_000/Desktop/U/sistemas digitales/tp2/2/mem_vid/mem_vid.runs/gen_clk_clk_wiz_0_0_synth_1" FlowId="Vivado_Synthesis" FromStepId="vivado" ToStepId="vivado"/>
	<Run Id="video_mem_blk_mem_gen_0_0_synth_1" LaunchDir="C:/Users/barbe_000/Desktop/U/sistemas digitales/tp2/2/mem_vid/mem_vid.runs/video_mem_blk_mem_gen_0_0_synth_1" FlowId="Vivado_Synthesis" FromStepId="vivado" ToStepId="vivado"/>
	<Run Id="synth_1" LaunchDir="C:/Users/barbe_000/Desktop/U/sistemas digitales/tp2/2/mem_vid/mem_vid.runs/synth_1" FlowId="Vivado_Synthesis" FromStepId="vivado" ToStepId="vivado">
		<Parent Id="gen_clk_clk_wiz_0_0_synth_1"/>
		<Parent Id="video_mem_blk_mem_gen_0_0_synth_1"/>
	</Run>
	<Run Id="impl_2" LaunchDir="C:/Users/barbe_000/Desktop/U/sistemas digitales/tp2/2/mem_vid/mem_vid.runs/impl_2" FlowId="Vivado_Implementation" FromStepId="init_design" ToStepId="write_bitstream">
		<Parent Id="synth_1"/>
		<Parent Id="gen_clk_clk_wiz_0_0_synth_1"/>
		<Parent Id="video_mem_blk_mem_gen_0_0_synth_1"/>
	</Run>
</Runs>

