<?xml version="1.0" encoding="UTF-8"?>
<GenRun Id="synth_1" LaunchPart="xc7z010clg400-1" LaunchTime="1544127035">
  <File Type="PA-TCL" Name="vga_ctrl.tcl"/>
  <File Type="RDS-PROPCONSTRS" Name="vga_ctrl_drc_synth.rpt"/>
  <File Type="REPORTS-TCL" Name="vga_ctrl_reports.tcl"/>
  <File Type="RDS-RDS" Name="vga_ctrl.vds"/>
  <File Type="RDS-UTIL" Name="vga_ctrl_utilization_synth.rpt"/>
  <File Type="RDS-UTIL-PB" Name="vga_ctrl_utilization_synth.pb"/>
  <File Type="RDS-DCP" Name="vga_ctrl.dcp"/>
  <File Type="VDS-TIMINGSUMMARY" Name="vga_ctrl_timing_summary_synth.rpt"/>
  <File Type="VDS-TIMING-PB" Name="vga_ctrl_timing_summary_synth.pb"/>
  <FileSet Name="sources" Type="DesignSrcs" RelSrcDir="$PSRCDIR/sources_1">
    <Filter Type="Srcs"/>
    <File Path="$PSRCDIR/sources_1/bd/Gen_clk/Gen_clk.bd">
      <FileInfo>
        <Attr Name="UsedIn" Val="synthesis"/>
        <Attr Name="UsedIn" Val="implementation"/>
        <Attr Name="UsedIn" Val="simulation"/>
      </FileInfo>
    </File>
    <File Path="$PSRCDIR/sources_1/bd/Gen_clk/hdl/Gen_clk_wrapper.vhd">
      <FileInfo>
        <Attr Name="UsedIn" Val="synthesis"/>
        <Attr Name="UsedIn" Val="simulation"/>
      </FileInfo>
    </File>
    <File Path="$PSRCDIR/sources_1/imports/01VGAArty/gen_pixels.vhd">
      <FileInfo>
        <Attr Name="ImportPath" Val="$PPRDIR/../01VGAArty/gen_pixels.vhd"/>
        <Attr Name="ImportTime" Val="1543189474"/>
        <Attr Name="UsedIn" Val="synthesis"/>
        <Attr Name="UsedIn" Val="simulation"/>
      </FileInfo>
    </File>
    <File Path="$PSRCDIR/sources_1/imports/01VGAArty/vga_sync.vhd">
      <FileInfo>
        <Attr Name="ImportPath" Val="$PPRDIR/../01VGAArty/vga_sync.vhd"/>
        <Attr Name="ImportTime" Val="1465497512"/>
        <Attr Name="UsedIn" Val="synthesis"/>
        <Attr Name="UsedIn" Val="simulation"/>
      </FileInfo>
    </File>
    <File Path="$PSRCDIR/sources_1/imports/01VGAArty/vga_ctrl.vhd">
      <FileInfo>
        <Attr Name="ImportPath" Val="$PPRDIR/../01VGAArty/vga_ctrl.vhd"/>
        <Attr Name="ImportTime" Val="1543186484"/>
        <Attr Name="UsedIn" Val="synthesis"/>
        <Attr Name="UsedIn" Val="simulation"/>
      </FileInfo>
    </File>
    <Config>
      <Option Name="DesignMode" Val="RTL"/>
      <Option Name="TopModule" Val="vga_ctrl"/>
      <Option Name="TopAutoSet" Val="TRUE"/>
    </Config>
  </FileSet>
  <FileSet Name="constrs_in" Type="Constrs" RelSrcDir="$PSRCDIR/constrs_1">
    <Filter Type="Constrs"/>
    <File Path="$PSRCDIR/constrs_1/imports/03Pines/Arty-Z7-20-Master.xdc">
      <FileInfo>
        <Attr Name="ImportPath" Val="$PPRDIR/../03Pines/Arty-Z7-20-Master.xdc"/>
        <Attr Name="ImportTime" Val="1543187604"/>
        <Attr Name="UsedIn" Val="synthesis"/>
        <Attr Name="UsedIn" Val="implementation"/>
      </FileInfo>
    </File>
    <Config>
      <Option Name="ConstrsType" Val="XDC"/>
    </Config>
  </FileSet>
  <Strategy Version="1" Minor="2">
    <StratHandle Name="Vivado Synthesis Defaults" Flow="Vivado Synthesis 2018">
      <Desc>Vivado Synthesis Defaults</Desc>
    </StratHandle>
    <Step Id="synth_design"/>
  </Strategy>
  <BlockFileSet Type="BlockSrcs" Name="Gen_clk_clk_wiz_0_0"/>
</GenRun>
